,Date,Supplier,Material,Quantity,Unit,Price_per_Unit,Total_Cost,Delivery_Time_Days,Defect_Rate_%,total_cost_division
0,2024-01-07,Global Metals,Iron,640.17,tons,4.33,2771.94,8.0,2.69,High
1,2024-02-07,EcoSupplies,Glass,395.57,tons,69.67,27559.36,16.0,1.01,High
2,2024-03-07,Global Metals,Nickel,81.81,tons,32.27,2640.01,8.0,2.37,High
3,2024-04-07,Prime Materials,Fiber,1452.07,meters,21.84,31713.21,7.0,4.39,High
4,2024-05-07,EcoSupplies,Rubber,1272.74,liters,84.71,107813.81,18.0,3.82,Medium
5,2024-06-07,Global Metals,Glass,1353.5,meters,16.34,22116.19,7.0,0.2,High
6,2024-07-07,Global Metals,Iron,501.04,tons,92.08,46135.76,6.0,2.53,High
7,2024-08-07,Prime Materials,Fiber,1293.53,kg,7.32,9468.64,5.0,4.73,High
8,2024-09-07,Allied Resources,Fiber,501.89,kg,78.38,39338.14,14.0,0.07,High
9,2024-10-07,Allied Resources,Nickel,1259.8,meters,75.77,95455.05,10.662650602409638,2.19,Medium
10,2024-11-07,EcoSupplies,Glass,1843.23,meters,73.89,136196.26,19.0,3.63,Low
11,2024-12-07,EcoSupplies,Iron,1990.51,liters,64.01,127412.55,9.0,4.96,Low
12,2024-07-13,Global Metals,Nickel,202.09,kg,47.15,9528.54,4.0,4.63,High
13,2024-07-14,RawTech Ltd.,Nickel,573.09,kg,87.31,50036.49,10.0,1.88,High
14,2024-07-15,RawTech Ltd.,Rubber,1145.24,meters,82.17,94104.37,3.0,4.74,Medium
15,2024-07-16,EcoSupplies,Glass,568.73,liters,92.65,52692.83,5.0,3.32,High
16,2024-07-17,Allied Resources,Glass,1932.46,liters,45.2,87347.19,6.0,0.53,Medium
17,2024-07-18,EcoSupplies,Rubber,1253.8,meters,19.01,23834.74,11.0,2.48,High
18,2024-07-19,RawTech Ltd.,Fiber,1964.59,meters,9.41,18486.79,8.0,2.89,High
19,2024-07-20,RawTech Ltd.,Fiber,67.26,liters,90.17,6064.83,9.0,0.87,High
20,2024-07-21,Global Metals,Nickel,1437.94,liters,5.41,7779.26,11.0,1.9,High
21,2024-07-22,Prime Materials,Glass,226.53,liters,35.13,7958.0,19.0,1.77,High
22,2024-07-23,Global Metals,Iron,1050.23,tons,18.72,19660.31,11.0,0.09,High
23,2024-07-24,Allied Resources,Rubber,1955.39,tons,2.52,4927.58,19.0,3.69,High
24,2024-07-25,Prime Materials,Iron,188.46,kg,85.96,16200.02,11.0,1.31,High
25,2024-07-26,Global Metals,Nickel,956.58,liters,13.48,12894.7,2.0,3.07,High
26,2024-07-27,Global Metals,Nickel,1034.28,kg,32.75,33872.67,7.0,4.73,High
27,2024-07-28,EcoSupplies,Rubber,900.32,meters,30.76,27693.84,18.0,2.8,High
28,2024-07-29,Prime Materials,Nickel,654.74,tons,99.03,64838.9,19.0,2.45,Medium
29,2024-07-30,Global Metals,Iron,1533.3,kg,11.13,17065.63,13.0,2.48,High
30,2024-07-31,Global Metals,Nickel,1292.36,kg,23.08,29827.67,9.0,3.2,High
31,2024-01-08,Global Metals,Fiber,325.78,liters,61.08,19898.64,8.0,3.66,High
32,2024-02-08,RawTech Ltd.,Iron,701.58,tons,76.42,53614.74,10.0,3.05,High
33,2024-03-08,RawTech Ltd.,Rubber,910.05,kg,40.78,37111.84,15.0,0.06,High
34,2024-04-08,Global Metals,Iron,1509.5,tons,62.04,93649.38,3.0,1.64,Medium
35,2024-05-08,EcoSupplies,Iron,962.15,meters,99.03,95281.71,16.0,1.79,Medium
36,2024-06-08,Prime Materials,Rubber,639.69,meters,21.51,13759.73,19.0,2.13,High
37,2024-07-08,Allied Resources,Iron,1408.31,meters,10.05,14153.52,11.0,4.34,High
38,2024-08-08,Prime Materials,Rubber,985.67,tons,13.2,13010.84,19.0,4.47,High
39,2024-09-08,EcoSupplies,Rubber,734.03,meters,25.3,18570.96,4.0,0.92,High
40,2024-10-08,Prime Materials,Nickel,1709.72,tons,24.25,41460.71,2.0,1.58,High
41,2024-11-08,Global Metals,Rubber,500.03,liters,9.36,4680.28,20.0,4.82,High
42,2024-12-08,EcoSupplies,Glass,748.91,kg,64.32,48169.89,12.0,2.22,High
43,2024-08-13,EcoSupplies,Iron,1855.16,meters,6.1,11316.48,10.0,0.86,High
44,2024-08-14,Allied Resources,Fiber,546.27,meters,38.79,21189.81,14.0,1.19,High
45,2024-08-15,Prime Materials,Rubber,1169.62,meters,78.25,91522.76,2.0,0.78,Medium
47,2024-08-17,Allied Resources,Fiber,67.92,kg,88.21,5991.22,5.0,1.08,High
48,2024-08-18,Allied Resources,Iron,1441.67,kg,44.62,64327.32,11.0,1.54,Medium
49,2024-08-19,Allied Resources,Fiber,779.66,kg,38.45,29977.93,15.0,1.29,High
50,2024-08-20,EcoSupplies,Iron,927.91,meters,60.22,55878.74,4.0,1.3,High
51,2024-08-21,Global Metals,Rubber,805.43,kg,59.41,47850.6,7.0,1.27,High
52,2024-08-22,Prime Materials,Rubber,397.85,meters,77.59,30869.18,14.0,2.73,High
53,2024-08-23,Allied Resources,Rubber,399.9,kg,20.11,8041.99,7.0,3.33,High
54,2024-08-24,Prime Materials,Glass,1366.65,tons,76.48,104521.39,2.0,2.85,Medium
55,2024-08-25,Allied Resources,Nickel,453.62,kg,39.86,18081.29,2.0,3.94,High
56,2024-08-26,Allied Resources,Iron,933.58,liters,32.81,30630.76,3.0,0.79,High
57,2024-08-27,Prime Materials,Iron,330.1,kg,34.7,11454.47,17.0,3.81,High
58,2024-08-28,Allied Resources,Iron,1567.17,tons,40.35,63235.31,5.0,2.53,High
59,2024-08-29,Prime Materials,Fiber,1119.39,meters,38.48,43074.13,10.0,4.38,High
60,2024-08-30,EcoSupplies,Iron,1486.79,meters,87.96,130778.05,10.0,4.28,Low
61,2024-08-31,Allied Resources,Glass,885.2,meters,28.69,25396.39,2.0,3.3,High
62,2024-01-09,Global Metals,Glass,786.32,liters,27.34,21497.99,16.0,3.85,High
63,2024-02-09,RawTech Ltd.,Rubber,553.83,meters,79.23,43879.95,2.0,0.73,High
64,2024-03-09,Global Metals,Nickel,1167.42,tons,51.95,60647.47,17.0,2.32,High
65,2024-04-09,Prime Materials,Nickel,1680.02,tons,17.88,30038.76,16.0,2.13,High
66,2024-05-09,EcoSupplies,Glass,1945.91,tons,13.47,26211.41,14.0,1.51,High
67,2024-06-09,RawTech Ltd.,Iron,821.22,liters,40.0,32848.8,14.0,2.81,High
68,2024-07-09,EcoSupplies,Glass,1419.79,liters,6.43,9129.25,2.0,3.68,High
69,2024-08-09,EcoSupplies,Nickel,1390.19,tons,54.33,75529.02,15.0,1.91,Medium
71,2024-10-09,Prime Materials,Iron,1846.12,tons,35.39,65334.19,4.0,3.61,Medium
72,2024-11-09,Global Metals,Glass,1968.33,meters,24.32,47869.79,15.0,2.82,High
73,2024-12-09,Prime Materials,Nickel,489.64,liters,35.33,17298.98,11.0,3.87,High
74,2024-09-13,Prime Materials,Iron,1215.72,liters,50.67,61600.53,6.0,1.31,High
75,2024-09-14,Allied Resources,Nickel,351.79,kg,24.09,8474.62,18.0,1.47,High
76,2024-09-15,EcoSupplies,Fiber,1218.18,meters,77.84,94823.13,12.0,0.93,Medium
77,2024-09-16,Global Metals,Rubber,917.37,meters,87.35,80132.27,12.0,0.72,Medium
78,2024-09-17,RawTech Ltd.,Glass,1440.85,kg,35.04,50487.38,9.0,0.29,High
79,2024-09-18,Allied Resources,Nickel,674.63,tons,80.99,54638.28,12.0,1.71,High
80,2024-09-19,Global Metals,Glass,1436.97,liters,75.65,108706.78,12.0,0.59,Medium
81,2024-09-20,EcoSupplies,Rubber,1322.55,tons,78.82,104243.39,11.0,4.51,Medium
82,2024-09-21,Global Metals,Iron,706.71,meters,28.13,19879.75,6.0,1.31,High
83,2024-09-22,EcoSupplies,Iron,1965.74,meters,84.27,165652.91,14.0,2.36,Low
84,2024-09-23,RawTech Ltd.,Iron,155.61,meters,13.85,2155.2,12.0,4.42,High
85,2024-09-24,Prime Materials,Fiber,94.56,meters,58.19,5502.45,6.0,3.72,High
86,2024-09-25,Allied Resources,Glass,309.89,meters,24.18,7493.14,3.0,4.96,High
87,2024-09-26,Allied Resources,Rubber,578.19,kg,60.37,34905.33,4.0,1.82,High
88,2024-09-27,Global Metals,Fiber,1008.48,kg,6.83,6887.92,2.0,3.09,High
89,2024-09-28,EcoSupplies,Iron,1355.96,tons,76.46,103676.7,15.0,4.73,Medium
90,2024-09-29,Prime Materials,Fiber,1323.99,meters,93.65,123991.66,9.0,2.66,Medium
91,2024-09-30,RawTech Ltd.,Nickel,360.42,meters,24.53,8841.1,20.0,3.0,High
92,2024-01-10,Allied Resources,Rubber,1084.85,tons,43.33,47006.55,2.0,3.4,High
93,2024-02-10,Prime Materials,Rubber,387.5,meters,73.35,28423.12,19.0,1.58,High
94,2024-03-10,RawTech Ltd.,Fiber,589.19,tons,70.18,41349.35,5.0,0.22,High
95,2024-04-10,RawTech Ltd.,Fiber,832.56,liters,3.22,2680.84,14.0,0.04,High
96,2024-05-10,Allied Resources,Rubber,975.1,meters,80.94,78924.59,2.0,1.86,Medium
97,2024-06-10,Prime Materials,Iron,794.27,tons,54.73,43470.4,15.0,0.91,High
98,2024-07-10,Prime Materials,Nickel,867.79,meters,72.51,62923.45,7.0,3.73,High
99,2024-08-10,Prime Materials,Rubber,1948.66,liters,34.07,66390.85,19.0,3.04,Medium
100,2024-09-10,Global Metals,Rubber,1403.31,meters,15.65,21961.8,14.0,2.29,High
101,2024-10-10,Global Metals,Nickel,683.85,liters,72.85,49818.47,3.0,0.5,High
102,2024-11-10,RawTech Ltd.,Glass,313.49,meters,55.37,17357.94,17.0,1.88,High
103,2024-12-10,Prime Materials,Nickel,502.77,liters,6.88,3459.06,5.0,2.5,High
104,2024-10-13,RawTech Ltd.,Glass,1549.53,liters,34.19,52978.43,9.0,2.16,High
105,2024-10-14,Global Metals,Iron,1999.31,kg,26.04,52062.03,2.0,4.22,High
106,2024-10-15,EcoSupplies,Glass,639.24,kg,70.96,45360.47,5.0,4.13,High
107,2024-10-16,EcoSupplies,Iron,229.95,liters,42.42,9754.48,14.0,2.14,High
108,2024-10-17,EcoSupplies,Nickel,764.55,tons,63.83,48801.23,2.0,3.56,High
109,2024-10-18,Prime Materials,Nickel,1930.72,meters,38.75,74815.4,9.0,3.6,Medium
110,2024-10-19,Prime Materials,Iron,591.65,liters,50.7,29996.65,9.0,3.1,High
111,2024-10-20,Global Metals,Fiber,1543.06,kg,58.62,90454.18,10.0,2.65,Medium
112,2024-10-21,Global Metals,Nickel,1109.75,meters,29.19,32393.6,14.0,3.59,High
113,2024-10-22,Allied Resources,Iron,988.61,meters,62.19,61481.66,10.0,3.42,High
114,2024-10-23,Global Metals,Glass,128.55,kg,16.11,2070.94,12.0,3.93,High
115,2024-10-24,Allied Resources,Fiber,516.38,kg,26.92,13900.95,16.0,0.32,High
116,2024-10-25,EcoSupplies,Nickel,955.39,tons,12.81,12238.55,19.0,1.59,High
117,2024-10-26,Global Metals,Glass,884.64,liters,49.33,43639.29,9.0,3.19,High
118,2024-10-27,Global Metals,Fiber,250.73,meters,97.63,24478.77,10.662650602409638,3.04,High
119,2024-10-28,Prime Materials,Glass,1013.93,tons,53.99,54742.08,14.0,2.98,High
120,2024-10-29,Global Metals,Fiber,1823.55,meters,74.02,134979.17,15.0,0.9,Low
121,2024-10-30,Allied Resources,Rubber,1261.29,kg,32.74,41294.63,15.0,2.64,High
122,2024-10-31,Prime Materials,Iron,1262.56,tons,65.26,82394.67,14.0,4.49,Medium
123,2024-01-11,Global Metals,Nickel,1581.19,meters,57.19,90428.26,16.0,0.5,Medium
124,2024-02-11,Allied Resources,Iron,1954.76,kg,24.33,47559.31,16.0,5.0,High
125,2024-03-11,Prime Materials,Glass,305.96,liters,90.08,27560.88,2.0,1.48,High
126,2024-04-11,Global Metals,Iron,426.4,kg,48.49,20676.14,7.0,1.77,High
127,2024-05-11,EcoSupplies,Fiber,88.75,liters,76.86,6821.32,14.0,3.69,High
128,2024-06-11,EcoSupplies,Rubber,1920.9,kg,3.34,6415.81,7.0,4.51,High
129,2024-07-11,Prime Materials,Iron,191.19,liters,65.28,12480.88,2.0,4.8,High
130,2024-08-11,Global Metals,Nickel,1098.83,tons,95.36,104784.43,10.0,2.04,Medium
131,2024-09-11,Allied Resources,Iron,986.55,tons,97.21,95902.53,16.0,0.38,Medium
132,2024-10-11,EcoSupplies,Nickel,1271.82,kg,68.69,87361.32,5.0,4.56,Medium
133,2024-11-11,Prime Materials,Fiber,617.57,tons,23.33,14407.91,20.0,2.74,High
134,2024-12-11,EcoSupplies,Iron,1868.34,tons,58.99,110213.38,10.0,0.11,Medium
135,2024-11-13,Global Metals,Iron,682.37,tons,46.44,31689.26,10.0,0.89,High
136,2024-11-14,RawTech Ltd.,Glass,814.95,kg,4.86,3960.66,20.0,2.19,High
137,2024-11-15,Prime Materials,Glass,1274.18,kg,45.34,57771.32,20.0,0.5,High
138,2024-11-16,Global Metals,Fiber,437.68,tons,66.47,29092.59,2.0,4.26,High
139,2024-11-17,RawTech Ltd.,Glass,1263.3,kg,14.87,18785.27,3.0,2.19,High
140,2024-11-18,EcoSupplies,Rubber,1661.76,tons,70.07,116439.52,8.0,1.78,Medium
141,2024-11-19,RawTech Ltd.,Nickel,118.08,meters,97.91,11561.21,5.0,0.22,High
142,2024-11-20,Global Metals,Glass,1371.39,kg,55.61,76263.0,9.0,3.84,Medium
143,2024-11-21,Global Metals,Glass,1769.33,tons,33.78,59767.97,5.0,4.94,High
144,2024-11-22,Allied Resources,Iron,1271.32,liters,71.7,91153.64,12.0,2.22,Medium
145,2024-11-23,Prime Materials,Iron,633.66,liters,26.11,16544.86,13.0,2.1,High
146,2024-11-24,Allied Resources,Iron,1728.61,meters,99.67,172290.56,8.0,1.91,Low
147,2024-11-25,EcoSupplies,Nickel,609.53,tons,68.67,41856.43,9.0,2.71,High
148,2024-11-26,RawTech Ltd.,Nickel,1100.79,meters,16.01,17623.65,17.0,2.56,High
149,2024-11-27,EcoSupplies,Nickel,812.62,kg,95.76,77816.49,10.0,4.22,Medium
150,2024-11-28,Prime Materials,Fiber,296.45,tons,28.53,8457.72,4.0,0.54,High
151,2024-11-29,EcoSupplies,Rubber,347.63,liters,93.65,32555.55,17.0,0.72,High
152,2024-11-30,RawTech Ltd.,Rubber,1902.1,tons,91.83,174669.84,9.0,0.79,Low
153,2024-01-12,Allied Resources,Fiber,1286.05,kg,83.09,106857.89,15.0,2.98,Medium
154,2024-02-12,EcoSupplies,Glass,1916.24,meters,33.46,64117.39,20.0,2.33,Medium
155,2024-03-12,Allied Resources,Rubber,257.39,kg,95.52,24585.89,5.0,2.24,High
156,2024-04-12,Global Metals,Rubber,904.15,kg,7.96,7197.03,17.0,2.46,High
157,2024-05-12,RawTech Ltd.,Glass,159.54,kg,48.34,7712.16,7.0,2.35,High
158,2024-06-12,Allied Resources,Nickel,1515.17,kg,26.82,40636.86,9.0,4.62,High
159,2024-07-12,Prime Materials,Fiber,771.39,meters,3.36,2591.87,7.0,0.49,High
160,2024-08-12,Prime Materials,Fiber,1527.84,tons,8.19,12513.01,3.0,1.47,High
161,2024-09-12,Global Metals,Fiber,1150.93,liters,10.47,12050.24,9.0,2.8,High
162,2024-10-12,RawTech Ltd.,Iron,1313.85,liters,19.2,25225.92,8.0,4.6,High
163,2024-11-12,Prime Materials,Iron,811.93,liters,67.1,54480.5,15.0,1.19,High
164,2024-12-12,Global Metals,Fiber,1465.12,kg,74.17,108667.95,15.0,4.64,Medium
165,2024-12-13,EcoSupplies,Fiber,1511.23,kg,83.69,126474.84,20.0,1.64,Low
166,2024-12-14,Prime Materials,Nickel,1328.67,tons,41.23,54781.06,16.0,3.17,High
167,2024-12-15,Prime Materials,Fiber,384.0,kg,61.78,23723.52,4.0,1.27,High
168,2024-12-16,EcoSupplies,Fiber,432.03,tons,93.19,40260.88,8.0,1.43,High
169,2024-12-17,Prime Materials,Fiber,1548.31,kg,37.48,58030.66,20.0,2.3,High
170,2024-12-18,Global Metals,Iron,1725.86,liters,33.54,57885.34,14.0,0.06,High
171,2024-12-19,RawTech Ltd.,Glass,641.12,tons,54.78,35120.55,19.0,3.51,High
172,2024-12-20,Allied Resources,Nickel,853.29,tons,79.67,67981.61,10.0,1.87,Medium
173,2024-12-21,EcoSupplies,Fiber,913.47,kg,81.26,74228.57,17.0,4.6,Medium
174,2024-12-22,Allied Resources,Glass,1270.1,meters,66.09,83940.91,3.0,0.42,Medium
175,2024-12-23,Allied Resources,Iron,445.22,kg,15.64,6963.24,13.0,1.56,High
176,2024-12-24,Allied Resources,Rubber,694.62,liters,83.33,57882.68,19.0,2.54,High
177,2024-12-25,RawTech Ltd.,Rubber,1848.96,liters,86.94,160748.58,17.0,3.28,Low
178,2024-12-26,EcoSupplies,Glass,1187.85,liters,79.71,94683.52,7.0,2.11,Medium
179,2024-12-27,Allied Resources,Rubber,1543.54,liters,86.52,133547.08,11.0,1.16,Low
180,2024-12-28,Global Metals,Rubber,546.17,meters,83.16,45419.5,16.0,4.21,High
181,2024-12-29,Allied Resources,Fiber,1270.92,kg,14.81,18822.33,12.0,4.36,High
182,2024-12-30,EcoSupplies,Fiber,769.76,tons,84.07,64713.72,6.0,1.91,Medium
183,2024-12-31,RawTech Ltd.,Fiber,1189.57,liters,36.78,43752.38,6.0,4.34,High
184,2025-01-01,Allied Resources,Rubber,358.5,liters,60.18,21574.53,20.0,3.71,High
185,2025-02-01,EcoSupplies,Nickel,1019.28,tons,80.21,81756.45,2.0,3.94,Medium
186,2025-03-01,Global Metals,Nickel,176.61,kg,97.19,17164.73,17.0,2.85,High
187,2025-04-01,EcoSupplies,Iron,309.11,liters,77.53,23965.3,11.0,2.72,High
188,2025-05-01,Allied Resources,Rubber,1297.53,meters,52.66,68327.93,16.0,4.24,Medium
189,2025-06-01,RawTech Ltd.,Iron,1493.73,tons,62.27,93014.57,10.0,4.2,Medium
190,2025-07-01,RawTech Ltd.,Fiber,1349.87,liters,39.58,53427.85,11.0,1.1,High
191,2025-08-01,EcoSupplies,Iron,817.09,meters,77.1,62997.64,16.0,4.1,High
192,2025-09-01,EcoSupplies,Glass,1011.38,meters,82.83,83772.61,16.0,4.52,Medium
193,2025-10-01,Prime Materials,Rubber,461.35,tons,5.27,2431.31,3.0,0.79,High
194,2025-11-01,Global Metals,Glass,690.65,meters,57.56,39753.81,3.0,2.77,High
195,2025-12-01,Allied Resources,Nickel,458.56,kg,34.94,16022.09,9.0,0.65,High
196,2025-01-13,Global Metals,Iron,495.15,kg,99.07,49054.51,19.0,1.52,High
197,2025-01-14,RawTech Ltd.,Fiber,1751.44,liters,79.57,139362.08,4.0,3.6,Low
198,2025-01-15,Allied Resources,Iron,297.59,kg,44.07,13114.79,8.0,0.65,High
199,2025-01-16,RawTech Ltd.,Nickel,532.67,liters,97.01,51674.32,10.0,2.01,High
200,2025-01-17,Global Metals,Fiber,316.76,meters,49.95,15822.16,7.0,3.09,High
201,2025-01-18,RawTech Ltd.,Glass,1185.42,meters,2.95,3496.99,13.0,0.63,High
202,2025-01-19,EcoSupplies,Nickel,795.85,meters,68.68,54658.98,15.0,1.18,High
203,2025-01-20,Allied Resources,Fiber,1509.9,liters,40.2,60697.98,11.0,0.77,High
204,2025-01-21,RawTech Ltd.,Iron,1846.48,kg,65.23,120445.89,6.0,1.92,Medium
205,2025-01-22,Global Metals,Glass,174.5,meters,24.08,4201.96,19.0,3.56,High
206,2025-01-23,Allied Resources,Fiber,1942.56,kg,76.07,147770.54,2.0,0.41,Low
207,2025-01-24,EcoSupplies,Nickel,1205.49,tons,45.55,54910.07,12.0,3.94,High
208,2025-01-25,Global Metals,Fiber,1426.61,liters,78.5,111988.88,11.0,1.29,Medium
209,2025-01-26,EcoSupplies,Glass,1802.25,liters,19.85,35774.66,18.0,2.81,High
210,2025-01-27,Allied Resources,Rubber,1914.05,liters,59.96,114766.44,13.0,2.93,Medium
211,2025-01-28,Allied Resources,Rubber,1352.86,liters,80.88,109419.32,6.0,4.56,Medium
212,2025-01-29,RawTech Ltd.,Fiber,531.4,meters,64.47,34259.36,3.0,3.49,High
213,2025-01-30,Allied Resources,Glass,1732.57,meters,66.85,115822.3,12.0,3.0,Medium
214,2025-01-31,RawTech Ltd.,Rubber,715.56,meters,79.36,56786.84,15.0,2.08,High
215,2025-01-02,Prime Materials,Rubber,447.36,liters,27.42,12266.61,11.0,1.34,High
216,2025-02-02,Prime Materials,Glass,813.71,tons,98.26,79955.14,16.0,2.04,Medium
217,2025-03-02,Prime Materials,Nickel,1146.6,liters,4.12,4723.99,10.0,0.38,High
218,2025-04-02,Global Metals,Nickel,1822.96,meters,74.19,135245.4,17.0,0.77,Low
219,2025-05-02,EcoSupplies,Iron,1098.25,liters,11.25,12355.31,5.0,0.43,High
220,2025-06-02,Allied Resources,Iron,656.4,kg,71.3,46801.32,7.0,0.54,High
221,2025-07-02,Prime Materials,Fiber,1560.33,meters,22.09,34467.69,10.0,1.2,High
222,2025-08-02,EcoSupplies,Nickel,1958.68,meters,88.48,173304.01,6.0,3.73,Low
223,2025-09-02,Prime Materials,Rubber,1401.43,tons,4.7,6586.72,6.0,3.02,High
224,2025-10-02,RawTech Ltd.,Iron,1687.37,tons,63.98,107957.93,4.0,2.45,Medium
225,2025-11-02,Allied Resources,Nickel,875.64,kg,78.34,68597.64,13.0,4.59,Medium
226,2025-12-02,RawTech Ltd.,Nickel,688.22,tons,53.46,36792.24,10.0,3.6,High
227,2025-02-13,Allied Resources,Nickel,747.66,meters,44.25,33083.96,12.0,4.95,High
228,2025-02-14,Global Metals,Glass,1462.27,liters,20.25,29610.97,7.0,4.94,High
229,2025-02-15,Allied Resources,Nickel,1187.0,kg,6.48,7691.76,7.0,2.84,High
230,2025-02-16,Allied Resources,Fiber,122.95,liters,15.18,1866.38,3.0,0.69,High
231,2025-02-17,Prime Materials,Nickel,1529.84,tons,23.7,36257.21,14.0,1.28,High
232,2025-02-18,EcoSupplies,Fiber,1296.41,liters,72.78,94352.72,15.0,4.26,Medium
233,2025-02-19,Allied Resources,Nickel,1565.79,meters,17.48,27370.01,12.0,4.37,High
234,2025-02-20,Global Metals,Glass,1967.03,kg,52.42,103111.71,4.0,3.56,Medium
235,2025-02-21,Global Metals,Fiber,1444.97,kg,65.71,94948.98,8.0,0.91,Medium
236,2025-02-22,EcoSupplies,Iron,85.96,liters,14.74,1267.05,8.0,4.61,High
237,2025-02-23,Prime Materials,Glass,85.94,kg,24.14,2074.59,8.0,4.48,High
238,2025-02-24,EcoSupplies,Nickel,1872.02,meters,59.26,110935.91,13.0,0.46,Medium
239,2025-02-25,Prime Materials,Rubber,161.19,kg,25.03,4034.59,11.0,3.83,High
240,2025-02-26,EcoSupplies,Rubber,172.24,liters,62.85,10825.28,6.0,4.07,High
241,2025-02-27,EcoSupplies,Fiber,1445.83,tons,81.55,117907.44,8.0,4.65,Medium
242,2025-02-28,RawTech Ltd.,Glass,236.05,meters,88.1,20796.01,4.0,4.17,High
243,2025-01-03,Prime Materials,Nickel,704.83,tons,94.21,66402.03,18.0,3.73,Medium
244,2025-02-03,EcoSupplies,Iron,421.26,meters,65.63,27647.29,5.0,4.58,High
245,2025-03-03,RawTech Ltd.,Glass,548.24,tons,6.96,3815.75,6.0,2.66,High
246,2025-04-03,RawTech Ltd.,Glass,419.97,kg,23.17,9730.7,7.0,4.47,High
247,2025-05-03,Prime Materials,Glass,530.29,tons,48.98,25973.6,14.0,4.06,High
248,2025-06-03,Global Metals,Rubber,94.88,kg,98.44,9339.99,4.0,1.79,High
249,2025-07-03,Prime Materials,Iron,186.52,meters,73.64,13735.33,17.0,3.16,High
250,2025-08-03,Prime Materials,Glass,473.86,meters,61.45,29118.7,7.0,1.94,High
251,2025-09-03,Allied Resources,Glass,692.68,tons,99.21,68720.78,16.0,1.66,Medium
252,2025-10-03,EcoSupplies,Iron,318.9,liters,76.18,24293.8,4.0,2.98,High
253,2025-11-03,RawTech Ltd.,Rubber,371.32,liters,28.02,10404.39,20.0,2.07,High
254,2025-12-03,Allied Resources,Glass,1909.52,meters,18.51,35345.22,15.0,0.7,High
255,2025-03-13,Prime Materials,Glass,1496.67,tons,24.03,35964.98,11.0,0.55,High
256,2025-03-14,EcoSupplies,Iron,1182.73,kg,45.95,54346.44,3.0,1.11,High
257,2025-03-15,Global Metals,Iron,1357.06,meters,49.12,66658.79,16.0,4.65,Medium
258,2025-03-16,EcoSupplies,Iron,513.84,meters,55.28,28405.08,3.0,0.72,High
259,2025-03-17,Global Metals,Rubber,874.51,tons,11.53,10083.1,19.0,4.07,High
260,2025-03-18,EcoSupplies,Rubber,949.69,liters,49.24,46762.74,17.0,3.05,High
261,2025-03-19,Allied Resources,Rubber,1337.22,meters,38.29,51202.15,8.0,2.23,High
262,2025-03-20,Allied Resources,Nickel,734.49,kg,58.7,43114.56,11.0,0.53,High
263,2025-03-21,EcoSupplies,Fiber,1746.67,kg,12.62,22042.98,10.0,3.34,High
264,2025-03-22,Global Metals,Fiber,1757.57,kg,80.22,140992.27,10.0,0.97,Low
265,2025-03-23,Prime Materials,Glass,328.21,tons,26.75,8779.62,20.0,0.22,High
266,2025-03-24,Global Metals,Fiber,929.66,liters,71.04,66043.05,19.0,4.37,Medium
267,2025-03-25,Allied Resources,Rubber,1090.11,kg,85.74,93466.03,8.0,3.35,Medium
268,2025-03-26,Prime Materials,Nickel,1650.9,tons,52.5,86672.25,17.0,4.45,Medium
269,2025-03-27,EcoSupplies,Iron,322.8,tons,86.23,27835.04,11.0,1.18,High
270,2025-03-28,Global Metals,Nickel,484.78,liters,2.73,1323.45,4.0,2.13,High
271,2025-03-29,Prime Materials,Nickel,369.94,kg,90.35,33424.08,7.0,4.26,High
272,2025-03-30,Allied Resources,Glass,1748.03,meters,75.81,132518.15,16.0,3.58,Low
273,2025-03-31,EcoSupplies,Nickel,568.24,liters,88.92,50527.9,8.0,1.92,High
274,2025-01-04,RawTech Ltd.,Glass,1266.89,kg,25.96,32888.46,16.0,2.0,High
275,2025-02-04,Prime Materials,Glass,235.2,meters,17.3,4068.96,13.0,4.68,High
276,2025-03-04,EcoSupplies,Iron,508.22,kg,51.33,26086.93,6.0,3.48,High
277,2025-04-04,Prime Materials,Rubber,1378.66,kg,79.64,109796.48,12.0,0.77,Medium
278,2025-05-04,Allied Resources,Nickel,776.68,tons,42.2,32775.9,14.0,1.05,High
279,2025-06-04,Allied Resources,Rubber,757.49,tons,71.5,54160.54,10.0,3.85,High
280,2025-07-04,EcoSupplies,Rubber,1763.21,meters,36.02,63510.82,13.0,0.54,Medium
281,2025-08-04,RawTech Ltd.,Fiber,516.17,meters,13.78,7112.82,7.0,1.77,High
282,2025-09-04,Prime Materials,Rubber,1838.08,meters,34.97,64277.66,19.0,3.83,Medium
283,2025-10-04,Allied Resources,Iron,77.51,meters,11.62,900.67,11.0,4.36,High
284,2025-11-04,Allied Resources,Rubber,173.75,meters,89.68,15581.9,15.0,1.81,High
285,2025-12-04,EcoSupplies,Nickel,1489.9,liters,33.34,49673.27,4.0,0.9,High
286,2025-04-13,EcoSupplies,Iron,595.29,liters,81.11,48283.97,16.0,2.32,High
287,2025-04-14,Global Metals,Iron,1555.6,meters,14.83,23069.55,11.0,2.11,High
288,2025-04-15,RawTech Ltd.,Fiber,1398.85,kg,94.52,132219.3,5.0,2.79,Low
289,2025-04-16,Global Metals,Nickel,1320.46,kg,79.85,105438.73,11.0,4.81,Medium
290,2025-04-17,Global Metals,Fiber,1057.05,liters,67.68,71541.14,12.0,2.75,Medium
291,2025-04-18,Prime Materials,Iron,528.2,meters,78.29,41352.78,4.0,2.78,High
292,2025-04-19,Prime Materials,Fiber,1709.5,kg,93.26,159427.97,7.0,2.97,Low
293,2025-04-20,RawTech Ltd.,Glass,1832.84,tons,74.44,136436.61,11.0,2.32,Low
294,2025-04-21,Prime Materials,Fiber,1727.4,meters,44.12,76212.89,3.0,1.34,Medium
295,2025-04-22,Allied Resources,Glass,458.22,liters,4.22,1933.69,11.0,0.48,High
296,2025-04-23,Global Metals,Glass,901.89,tons,45.4,40945.81,15.0,1.75,High
297,2025-04-24,Prime Materials,Glass,125.5,meters,72.61,9112.56,9.0,1.32,High
298,2025-04-25,Allied Resources,Iron,1575.62,meters,55.33,87179.05,20.0,3.92,Medium
299,2025-04-26,RawTech Ltd.,Nickel,157.53,liters,49.12,7737.87,20.0,2.89,High
300,2025-04-27,EcoSupplies,Nickel,260.52,tons,81.05,21115.15,12.0,1.13,High
301,2025-04-28,EcoSupplies,Rubber,1805.45,tons,8.56,15454.65,18.0,2.99,High
302,2025-04-29,RawTech Ltd.,Nickel,811.96,tons,47.42,38503.14,5.0,1.53,High
303,2025-04-30,Allied Resources,Rubber,1070.55,meters,46.07,49320.24,6.0,1.54,High
304,2025-01-05,Global Metals,Glass,1413.82,meters,93.94,132814.25,18.0,4.79,Low
305,2025-02-05,Prime Materials,Glass,1448.83,tons,14.15,20500.94,9.0,2.62,High
306,2025-03-05,Allied Resources,Iron,70.45,liters,41.58,2929.31,7.0,1.12,High
307,2025-04-05,Allied Resources,Glass,1121.35,liters,57.0,63916.95,4.0,2.14,Medium
308,2025-05-05,EcoSupplies,Iron,1343.69,meters,72.7,97686.26,5.0,4.8,Medium
309,2025-06-05,Allied Resources,Rubber,1925.87,meters,8.69,16735.81,14.0,4.38,High
310,2025-07-05,Global Metals,Fiber,1468.99,meters,51.54,75711.74,8.0,3.92,Medium
311,2025-08-05,EcoSupplies,Glass,347.68,meters,16.64,5785.4,15.0,1.64,High
312,2025-09-05,Prime Materials,Iron,1909.46,tons,59.9,114376.65,7.0,0.4,Medium
313,2025-10-05,RawTech Ltd.,Nickel,1721.47,kg,48.38,83284.72,5.0,2.65,Medium
314,2025-11-05,Global Metals,Rubber,1155.75,meters,57.26,66178.24,3.0,2.81,Medium
315,2025-12-05,EcoSupplies,Iron,1264.94,kg,52.96,66991.22,15.0,2.19,Medium
316,2025-05-13,EcoSupplies,Iron,1179.27,tons,66.12,77973.33,7.0,2.04,Medium
317,2025-05-14,RawTech Ltd.,Rubber,1407.39,liters,22.56,31750.72,7.0,4.24,High
318,2025-05-15,Prime Materials,Nickel,1717.3,kg,23.89,41026.3,12.0,2.67,High
319,2025-05-16,EcoSupplies,Nickel,172.79,tons,99.61,17211.61,5.0,4.13,High
320,2025-05-17,Prime Materials,Iron,1880.07,kg,25.27,47509.37,14.0,4.08,High
321,2025-05-18,Global Metals,Iron,921.42,kg,51.96,47876.98,16.0,3.98,High
322,2025-05-19,Allied Resources,Glass,1737.37,tons,31.1,54032.21,5.0,0.52,High
323,2025-05-20,Global Metals,Glass,585.24,tons,58.04,33967.33,14.0,2.85,High
324,2025-05-21,Prime Materials,Glass,1027.7,tons,15.49,15919.07,4.0,0.71,High
325,2025-05-22,RawTech Ltd.,Glass,560.58,liters,19.22,10774.35,15.0,4.08,High
326,2025-05-23,RawTech Ltd.,Iron,1348.17,tons,22.02,29686.7,11.0,0.4,High
327,2025-05-24,Global Metals,Glass,1611.65,kg,16.84,27140.19,16.0,1.54,High
328,2025-05-25,EcoSupplies,Iron,953.11,tons,9.53,9083.14,11.0,3.03,High
329,2025-05-26,Allied Resources,Iron,289.5,kg,45.85,13273.58,10.0,3.48,High
330,2025-05-27,RawTech Ltd.,Rubber,955.95,kg,93.88,89744.59,17.0,0.1,Medium
331,2025-05-28,Allied Resources,Fiber,318.86,tons,51.27,16347.95,8.0,3.18,High
332,2025-05-29,RawTech Ltd.,Glass,1981.13,tons,42.06,83326.33,17.0,1.31,Medium
333,2025-05-30,EcoSupplies,Glass,1261.8,kg,62.37,78698.47,13.0,4.03,Medium
334,2025-05-31,Prime Materials,Rubber,1097.35,liters,20.98,23022.4,2.0,3.25,High
335,2025-01-06,Prime Materials,Rubber,1209.92,tons,54.75,66243.12,19.0,2.91,Medium
336,2025-02-06,RawTech Ltd.,Rubber,653.25,tons,72.45,47327.96,3.0,0.97,High
337,2025-03-06,EcoSupplies,Iron,1493.94,liters,91.83,137188.51,19.0,4.71,Low
338,2025-04-06,Allied Resources,Rubber,1809.26,tons,8.01,14492.17,19.0,0.93,High
339,2025-05-06,Global Metals,Fiber,1773.77,kg,4.93,8744.69,5.0,2.17,High
340,2025-06-06,Global Metals,Nickel,1283.78,kg,38.36,49245.8,11.0,2.41,High
341,2025-07-06,Prime Materials,Iron,1746.05,liters,37.19,64935.6,2.0,2.57,Medium
342,2025-08-06,Allied Resources,Iron,1171.69,meters,73.39,85990.33,2.0,2.54,Medium
343,2025-09-06,Allied Resources,Glass,613.25,tons,15.48,9493.11,20.0,2.36,High
344,2025-10-06,Allied Resources,Glass,436.98,kg,74.3,32467.61,19.0,2.26,High
345,2025-11-06,EcoSupplies,Fiber,487.24,liters,74.21,36158.08,7.0,1.8,High
346,2025-12-06,RawTech Ltd.,Rubber,1313.58,liters,19.97,26232.19,9.0,2.02,High
347,2025-06-13,Allied Resources,Iron,663.47,meters,7.24,4803.52,11.0,4.2,High
348,2025-06-14,Global Metals,Nickel,232.44,meters,32.9,7647.28,20.0,4.63,High
349,2025-06-15,Prime Materials,Rubber,1756.92,kg,94.24,165572.14,19.0,2.63,Low
350,2025-06-16,Prime Materials,Rubber,533.75,kg,17.11,9132.46,13.0,4.64,High
351,2025-06-17,Prime Materials,Rubber,820.49,kg,45.6,37414.34,20.0,1.44,High
352,2025-06-18,Global Metals,Nickel,1413.75,meters,92.31,130503.26,16.0,1.06,Low
353,2025-06-19,Global Metals,Rubber,653.48,liters,94.4,61688.51,3.0,0.64,High
354,2025-06-20,Allied Resources,Fiber,1096.02,meters,76.74,84108.57,20.0,0.1,Medium
355,2025-06-21,Prime Materials,Glass,1830.91,kg,38.73,70911.14,20.0,1.09,Medium
356,2025-06-22,Prime Materials,Rubber,1424.89,liters,60.22,85806.88,10.0,4.94,Medium
357,2025-06-23,Allied Resources,Nickel,598.14,meters,3.16,1890.12,17.0,2.71,High
358,2025-06-24,EcoSupplies,Fiber,1761.64,liters,52.76,92944.13,15.0,1.85,Medium
359,2025-06-25,RawTech Ltd.,Iron,1203.33,kg,51.38,61827.1,2.0,3.19,High
360,2025-06-26,Prime Materials,Fiber,1479.72,meters,94.16,139330.44,18.0,0.65,Low
361,2025-06-27,RawTech Ltd.,Glass,1464.64,meters,83.12,121740.88,16.0,5.0,Medium
362,2025-06-28,RawTech Ltd.,Nickel,259.69,tons,39.08,10148.69,11.0,2.13,High
363,2025-06-29,RawTech Ltd.,Nickel,1381.82,liters,81.08,112037.97,8.0,3.34,Medium
364,2025-06-30,RawTech Ltd.,Rubber,320.66,meters,16.4,5258.82,20.0,4.73,High
365,2025-01-07,Global Metals,Nickel,1777.8,meters,35.47,63058.57,16.0,0.48,High
366,2025-02-07,RawTech Ltd.,Glass,320.59,tons,84.36,27044.97,4.0,4.69,High
367,2025-03-07,RawTech Ltd.,Fiber,1358.7,kg,7.7,10461.99,19.0,3.52,High
368,2025-04-07,Global Metals,Nickel,949.1,liters,69.9,66342.09,2.0,1.42,Medium
369,2025-05-07,Prime Materials,Rubber,1916.27,kg,32.59,62451.24,16.0,1.54,High
370,2025-06-07,Global Metals,Nickel,1728.91,tons,64.52,111549.27,17.0,3.76,Medium
371,2025-07-07,Global Metals,Nickel,584.62,liters,32.61,19064.46,12.0,0.18,High
372,2025-08-07,Prime Materials,Glass,1613.56,kg,79.65,128520.05,3.0,1.45,Low
373,2025-09-07,EcoSupplies,Glass,216.02,liters,55.63,12017.19,8.0,2.47,High
374,2025-10-07,Allied Resources,Rubber,1243.96,liters,2.46,3060.14,4.0,0.66,High
375,2025-11-07,Global Metals,Glass,1685.26,tons,5.29,8915.03,8.0,1.31,High
376,2025-12-07,Global Metals,Glass,1868.74,liters,57.86,108125.3,17.0,3.47,Medium
377,2025-07-13,RawTech Ltd.,Glass,708.84,liters,95.72,67850.16,2.0,0.97,Medium
378,2025-07-14,Prime Materials,Rubber,665.96,meters,83.83,55827.43,3.0,2.92,High
379,2025-07-15,EcoSupplies,Glass,1388.85,liters,12.67,17596.73,12.0,1.57,High
380,2025-07-16,RawTech Ltd.,Rubber,626.53,meters,39.34,24647.69,12.0,4.73,High
381,2025-07-17,EcoSupplies,Iron,531.6,meters,98.64,52437.02,13.0,1.73,High
382,2025-07-18,Global Metals,Glass,1957.36,meters,10.19,19945.5,16.0,4.24,High
383,2025-07-19,EcoSupplies,Glass,1155.46,meters,58.78,67917.94,19.0,2.88,Medium
384,2025-07-20,EcoSupplies,Iron,155.29,meters,52.9,8214.84,10.0,0.61,High
385,2025-07-21,RawTech Ltd.,Fiber,1072.66,meters,16.3,17484.36,9.0,3.64,High
386,2025-07-22,Allied Resources,Rubber,773.36,meters,91.37,70661.9,10.0,4.46,Medium
387,2025-07-23,Global Metals,Glass,1555.96,liters,6.85,10658.33,8.0,4.67,High
388,2025-07-24,EcoSupplies,Fiber,1280.39,tons,23.19,29692.24,14.0,3.53,High
389,2025-07-25,RawTech Ltd.,Fiber,560.77,tons,75.23,42186.73,20.0,0.52,High
390,2025-07-26,Prime Materials,Fiber,1696.55,kg,58.93,99977.69,16.0,0.24,Medium
391,2025-07-27,RawTech Ltd.,Fiber,623.21,tons,84.45,52630.08,4.0,0.52,High
392,2025-07-28,Prime Materials,Nickel,1356.74,meters,44.97,61012.6,8.0,2.36,High
393,2025-07-29,RawTech Ltd.,Nickel,469.87,kg,67.96,31932.37,6.0,0.39,High
394,2025-07-30,Allied Resources,Iron,189.0,liters,97.65,18455.85,18.0,3.98,High
395,2025-07-31,Prime Materials,Nickel,474.87,meters,50.53,23995.18,12.0,1.21,High
396,2025-01-08,Prime Materials,Glass,1374.26,kg,8.18,11241.45,14.0,1.85,High
397,2025-02-08,Allied Resources,Fiber,1048.87,meters,15.79,16561.66,4.0,2.19,High
398,2025-03-08,RawTech Ltd.,Glass,1384.78,meters,11.92,16506.58,14.0,3.97,High
399,2025-04-08,Prime Materials,Fiber,306.29,kg,57.71,17676.0,20.0,1.99,High
400,2025-05-08,Global Metals,Rubber,409.76,meters,17.3,7088.85,12.0,3.98,High
401,2025-06-08,Prime Materials,Fiber,207.8,tons,68.16,14163.65,10.0,0.32,High
402,2025-07-08,Global Metals,Nickel,745.16,meters,28.52,21251.96,9.0,0.23,High
403,2025-08-08,EcoSupplies,Rubber,509.02,meters,10.91,5553.41,7.0,0.36,High
404,2025-09-08,RawTech Ltd.,Nickel,1904.51,kg,98.91,188375.08,11.0,2.75,Low
405,2025-10-08,Prime Materials,Fiber,1637.95,liters,84.7,138734.37,14.0,1.68,Low
406,2025-11-08,Global Metals,Nickel,1516.89,meters,87.87,133289.12,18.0,1.42,Low
407,2025-12-08,RawTech Ltd.,Glass,65.19,kg,29.25,1906.81,7.0,4.49,High
408,2025-08-13,Global Metals,Iron,1032.33,meters,13.98,14431.97,17.0,2.85,High
409,2025-08-14,Prime Materials,Fiber,65.03,tons,76.49,4974.14,3.0,1.63,High
410,2025-08-15,EcoSupplies,Glass,1446.56,liters,89.27,129134.41,13.0,3.62,Low
411,2025-08-16,Allied Resources,Fiber,904.21,kg,41.56,37578.97,18.0,1.66,High
412,2025-08-17,Allied Resources,Iron,383.53,kg,20.11,7712.79,17.0,2.77,High
413,2025-08-18,Global Metals,Rubber,627.56,liters,48.35,30342.53,16.0,3.34,High
414,2025-08-19,Prime Materials,Glass,633.86,kg,78.61,49827.73,2.0,3.55,High
415,2025-08-20,Allied Resources,Nickel,1911.19,meters,83.99,160520.85,15.0,0.85,Low
416,2025-08-21,EcoSupplies,Nickel,158.99,tons,11.11,1766.38,3.0,4.62,High
417,2025-08-22,EcoSupplies,Rubber,1794.45,tons,31.87,57189.12,2.0,1.44,High
418,2025-08-23,EcoSupplies,Fiber,1957.98,tons,43.09,84369.36,17.0,4.99,Medium
419,2025-08-24,RawTech Ltd.,Nickel,1773.38,meters,39.64,70296.78,15.0,3.65,Medium
420,2025-08-25,Prime Materials,Nickel,489.97,liters,39.34,19275.42,4.0,3.13,High
421,2025-08-26,Global Metals,Rubber,1717.6,kg,60.6,104086.56,9.0,3.37,Medium
422,2025-08-27,Global Metals,Glass,760.34,meters,75.98,57770.63,2.0,0.45,High
423,2025-08-28,Allied Resources,Nickel,1692.14,kg,33.34,56415.95,11.0,4.97,High
424,2025-08-29,Global Metals,Nickel,327.71,kg,41.45,13583.58,5.0,4.91,High
425,2025-08-30,Allied Resources,Glass,1972.68,liters,52.57,103703.79,8.0,3.42,Medium
426,2025-08-31,EcoSupplies,Rubber,1791.53,meters,83.83,150183.96,15.0,3.76,Low
427,2025-01-09,Global Metals,Fiber,1503.9,liters,21.17,31837.56,3.0,2.8,High
428,2025-02-09,RawTech Ltd.,Nickel,1669.15,kg,8.09,13503.42,3.0,1.55,High
429,2025-03-09,Prime Materials,Fiber,1170.02,liters,96.06,112392.12,4.0,2.38,Medium
430,2025-04-09,RawTech Ltd.,Nickel,427.14,tons,33.29,14219.49,8.0,0.87,High
431,2025-05-09,Prime Materials,Rubber,946.46,meters,7.07,6691.47,12.0,3.39,High
432,2025-06-09,RawTech Ltd.,Nickel,378.27,tons,77.59,29349.97,4.0,0.03,High
433,2025-07-09,Prime Materials,Fiber,1635.22,meters,48.79,79782.38,18.0,0.49,Medium
434,2025-08-09,RawTech Ltd.,Fiber,338.14,kg,42.21,14272.89,3.0,1.91,High
435,2025-09-09,Global Metals,Iron,333.26,meters,37.67,12553.9,17.0,2.75,High
436,2025-10-09,RawTech Ltd.,Rubber,1927.12,liters,41.11,79223.9,20.0,4.17,Medium
437,2025-11-09,Global Metals,Nickel,1129.48,liters,53.38,60291.64,11.0,1.09,High
438,2025-12-09,EcoSupplies,Fiber,1118.34,tons,32.08,35876.35,8.0,1.11,High
439,2025-09-13,Global Metals,Glass,1091.69,meters,61.16,66767.76,12.0,4.02,Medium
440,2025-09-14,Global Metals,Iron,1060.49,tons,90.83,96324.31,16.0,3.0,Medium
441,2025-09-15,RawTech Ltd.,Nickel,165.46,kg,75.83,12546.83,18.0,2.63,High
442,2025-09-16,RawTech Ltd.,Nickel,225.49,meters,18.44,4158.04,14.0,3.57,High
443,2025-09-17,Prime Materials,Rubber,956.52,meters,57.92,55401.64,5.0,2.34,High
444,2025-09-18,Prime Materials,Fiber,984.32,meters,56.9,56007.81,19.0,0.89,High
445,2025-09-19,RawTech Ltd.,Nickel,1650.09,meters,85.48,141049.69,9.0,2.82,Low
446,2025-09-20,Prime Materials,Rubber,1938.49,tons,5.17,10021.99,13.0,2.17,High
447,2025-09-21,Global Metals,Iron,1683.76,meters,83.28,140223.53,20.0,4.29,Low
448,2025-09-22,Global Metals,Iron,1048.01,kg,31.8,33326.72,20.0,2.72,High
449,2025-09-23,RawTech Ltd.,Nickel,404.63,tons,41.13,16642.43,18.0,4.28,High
450,2025-09-24,Global Metals,Iron,872.26,liters,32.52,28365.9,2.0,3.64,High
451,2025-09-25,Prime Materials,Rubber,999.18,kg,3.36,3357.24,2.0,2.91,High
452,2025-09-26,Global Metals,Nickel,98.31,meters,25.19,2476.43,7.0,2.95,High
453,2025-09-27,RawTech Ltd.,Iron,1401.66,tons,81.95,114866.04,16.0,3.69,Medium
454,2025-09-28,Global Metals,Nickel,1978.39,kg,51.06,101016.59,8.0,4.64,Medium
455,2025-09-29,EcoSupplies,Glass,552.63,liters,74.59,41220.67,7.0,2.24,High
456,2025-09-30,Prime Materials,Glass,1789.15,kg,46.33,82891.32,19.0,0.08,Medium
457,2025-01-10,RawTech Ltd.,Nickel,798.22,liters,79.78,63681.99,7.0,4.19,Medium
458,2025-02-10,RawTech Ltd.,Iron,1281.22,kg,55.19,70710.53,4.0,1.43,Medium
459,2025-03-10,RawTech Ltd.,Fiber,1499.72,tons,61.72,92562.72,13.0,0.12,Medium
460,2025-04-10,Prime Materials,Fiber,1173.87,liters,92.37,108430.37,2.0,3.9,Medium
461,2025-05-10,EcoSupplies,Iron,1094.91,liters,28.42,31117.34,20.0,3.42,High
462,2025-06-10,RawTech Ltd.,Fiber,387.99,kg,63.4,24598.57,10.0,3.16,High
463,2025-07-10,Global Metals,Nickel,1811.74,kg,90.58,164107.41,8.0,4.78,Low
464,2025-08-10,Global Metals,Iron,1582.78,tons,6.52,10319.73,2.0,3.55,High
465,2025-09-10,EcoSupplies,Glass,1024.1,meters,63.4,64927.94,6.0,4.73,Medium
466,2025-10-10,EcoSupplies,Nickel,834.74,meters,71.98,60084.59,11.0,2.54,High
467,2025-11-10,Prime Materials,Nickel,321.5,liters,95.46,30690.39,2.0,2.13,High
468,2025-12-10,EcoSupplies,Rubber,1239.34,kg,6.65,8241.61,17.0,1.23,High
469,2025-10-13,RawTech Ltd.,Nickel,1579.7,tons,69.36,109567.99,10.0,1.25,Medium
470,2025-10-14,Global Metals,Glass,1795.94,liters,5.04,9051.54,3.0,4.08,High
471,2025-10-15,Global Metals,Nickel,946.81,liters,8.84,8369.8,8.0,0.29,High
472,2025-10-16,Allied Resources,Fiber,601.43,liters,15.7,9442.45,19.0,1.2,High
473,2025-10-17,Global Metals,Rubber,326.64,liters,93.12,30416.72,2.0,3.99,High
474,2025-10-18,Global Metals,Glass,268.61,tons,88.16,23680.66,16.0,1.28,High
475,2025-10-19,RawTech Ltd.,Iron,490.17,liters,35.35,17327.51,12.0,2.34,High
476,2025-10-20,EcoSupplies,Fiber,1190.28,meters,14.27,16985.3,4.0,3.95,High
477,2025-10-21,RawTech Ltd.,Glass,1418.66,liters,45.8,64974.63,5.0,1.94,Medium
478,2025-10-22,RawTech Ltd.,Rubber,1766.23,liters,88.38,156099.41,15.0,1.06,Low
479,2025-10-23,Allied Resources,Glass,1785.14,kg,28.94,51661.95,2.0,1.74,High
480,2025-10-24,Global Metals,Glass,773.65,liters,44.9,34736.88,17.0,1.33,High
481,2025-10-25,Allied Resources,Fiber,1458.15,liters,31.8,46369.17,19.0,3.19,High
482,2025-10-26,Allied Resources,Nickel,446.23,meters,32.53,14515.86,10.0,2.9,High
483,2025-10-27,EcoSupplies,Fiber,1024.89,tons,59.61,61093.69,4.0,3.09,High
484,2025-10-28,Prime Materials,Nickel,1928.82,tons,9.28,17899.45,5.0,2.02,High
485,2025-10-29,Allied Resources,Nickel,846.81,liters,2.3,1947.66,8.0,0.89,High
486,2025-10-30,EcoSupplies,Nickel,1541.25,liters,73.35,113050.69,5.0,3.59,Medium
487,2025-10-31,EcoSupplies,Rubber,1522.97,liters,52.72,80290.98,12.0,0.94,Medium
488,2025-01-11,RawTech Ltd.,Glass,1651.3,meters,69.3,114435.09,19.0,2.68,Medium
489,2025-02-11,Prime Materials,Fiber,1215.21,kg,67.26,81735.02,11.0,0.12,Medium
490,2025-03-11,Global Metals,Nickel,1518.78,liters,12.51,18999.94,20.0,3.81,High
491,2025-04-11,Allied Resources,Fiber,1912.48,meters,98.39,188168.91,8.0,0.28,Low
492,2025-05-11,EcoSupplies,Nickel,935.38,liters,23.52,22000.14,19.0,4.96,High
493,2025-06-11,EcoSupplies,Nickel,452.86,kg,10.45,4732.39,9.0,4.8,High
494,2025-07-11,EcoSupplies,Fiber,793.96,meters,41.24,32742.91,8.0,4.2,High
495,2025-08-11,Global Metals,Nickel,1157.31,liters,23.14,26780.15,8.0,4.69,High
496,2025-09-11,EcoSupplies,Nickel,1225.71,kg,41.0,50254.11,11.0,4.21,High
497,2025-10-11,Allied Resources,Glass,724.37,meters,13.55,9815.21,5.0,3.37,High
498,2025-11-11,Global Metals,Iron,1324.86,kg,33.52,44409.31,5.0,0.06,High
499,2025-12-11,EcoSupplies,Iron,435.43,kg,44.0,19158.92,9.0,0.63,High
